member,epoch,train_log_prob,val_log_prob
0,0,0.195903,1.933979
0,1,2.350582,2.865548
0,2,3.089962,3.160706
0,3,3.595583,3.859759
0,4,4.132182,4.340576
0,5,4.630867,4.914654
0,6,5.105323,5.115992
0,7,5.172618,5.443447
0,8,5.510138,5.544650
0,9,5.707708,5.730665
0,10,5.796872,5.684052
0,11,5.956639,5.799119
0,12,5.960783,5.832097
0,13,6.153240,5.912081
0,14,6.160489,5.842446
0,15,6.300044,6.001973
0,16,6.321218,6.044751
0,17,6.434290,5.925537
0,18,6.417852,6.073324
0,19,6.557756,6.128712
0,20,6.629318,6.158745
0,21,6.668752,6.245789
0,22,6.674921,5.973521
0,23,6.715918,6.247052
0,24,6.710181,6.151750
0,25,6.780966,6.299895
0,26,6.841649,6.274124
0,27,6.919566,6.338462
0,28,6.934051,6.242327
0,29,7.078181,6.215242
0,30,7.094741,6.406934
0,31,7.098619,6.148674
0,32,7.101284,6.208015
0,33,7.208034,6.383823
0,34,7.223972,6.100048
0,35,7.256493,5.952943
0,36,7.299886,6.349206
0,37,7.391550,6.396567
0,38,7.434995,6.458093
0,39,7.521936,6.426908
0,40,7.508587,6.011657
0,41,7.452171,6.022393
0,42,7.538537,6.261947
0,43,7.480597,6.179478
0,44,7.487124,6.131781
0,45,7.601537,6.590520
0,46,7.710985,6.318078
0,47,7.654573,6.251140
0,48,7.739338,6.144392
0,49,7.740066,5.924777
0,50,7.642469,6.546577
0,51,7.756204,6.055749
0,52,7.832363,6.428659
0,53,7.864915,6.335962
0,54,7.854154,6.246817
0,55,7.815567,6.374782
0,56,7.868864,6.202902
0,57,8.009580,6.549492
0,58,8.061959,6.265453
0,59,8.103053,6.298989
0,60,8.102856,6.216703
0,61,8.162238,6.005585
0,62,8.145841,6.288043
0,63,8.177693,6.081894
0,64,8.197081,6.020305
0,65,8.229266,6.226659
0,66,8.259898,6.226927
0,67,8.211424,5.968800
0,68,8.289326,6.165635
0,69,8.315471,6.069855
0,70,8.318754,5.978944
0,71,8.337128,6.044706
0,72,8.345151,6.126653
0,73,8.347429,6.102313
0,74,8.367109,6.187815
0,75,8.372927,6.004119
1,0,0.136138,1.960083
1,1,2.363356,2.912959
1,2,3.100456,3.133228
1,3,3.560688,3.833774
1,4,4.146893,4.355369
1,5,4.687865,5.007557
1,6,5.162717,5.440010
1,7,5.416502,5.179166
1,8,5.398961,5.493989
1,9,5.665693,5.681867
1,10,5.809477,5.786106
1,11,5.941276,5.667529
1,12,6.020915,5.903510
1,13,6.091670,5.825422
1,14,6.125495,5.926200
1,15,6.246612,6.072558
1,16,6.347513,6.081857
1,17,6.424609,6.032500
1,18,6.557394,6.197943
1,19,6.659101,6.184797
1,20,6.716532,6.099776
1,21,6.725306,5.967242
1,22,6.725116,6.195479
1,23,6.765310,6.185451
1,24,6.823348,6.104280
1,25,6.875804,6.238628
1,26,6.932976,6.062900
1,27,6.951172,6.133014
1,28,7.044575,6.300275
1,29,7.036218,6.197228
1,30,7.171918,6.316478
1,31,7.211422,6.103396
1,32,7.143846,5.931481
1,33,7.245684,6.211636
1,34,7.281007,6.317243
1,35,7.337740,6.250029
1,36,7.413166,5.970402
1,37,7.265074,5.968867
1,38,7.345251,5.956506
1,39,7.420359,5.839988
1,40,7.505521,5.775477
1,41,7.548741,6.044294
1,42,7.550324,6.040118
1,43,7.644490,5.973059
1,44,7.595832,5.891489
1,45,7.675875,5.518899
1,46,7.710129,6.069952
1,47,7.713956,5.772956
1,48,7.832874,6.186242
1,49,7.794269,5.821466
1,50,7.879675,5.923639
1,51,7.898404,5.753401
1,52,7.924799,5.601802
1,53,7.939109,5.455996
1,54,7.944412,5.868495
1,55,7.946455,5.610126
1,56,7.992813,5.555441
1,57,8.021154,5.641521
1,58,8.074570,5.538110
1,59,8.100664,5.448967
1,60,8.118579,5.278425
1,61,8.121122,5.159651
1,62,8.129134,5.032538
1,63,8.145573,5.130596
1,64,8.153151,4.854692
2,0,0.177628,1.963222
2,1,2.403730,2.853271
2,2,3.083557,3.134304
2,3,3.581032,3.876818
2,4,4.127806,4.348470
2,5,4.591029,4.911373
2,6,5.111020,5.355957
2,7,5.438189,5.497493
2,8,5.587145,5.705325
2,9,5.784951,5.707165
2,10,5.901258,5.773351
2,11,5.996104,5.831652
2,12,6.082919,5.836850
2,13,6.178352,5.927739
2,14,6.282045,5.881585
2,15,6.387941,5.958032
2,16,6.259876,5.986273
2,17,6.418371,5.953487
2,18,6.510133,6.095946
2,19,6.581675,5.959239
2,20,6.572127,6.103078
2,21,6.701930,6.200896
2,22,6.728970,6.005774
2,23,6.797343,6.281067
2,24,6.881296,6.136316
2,25,6.893787,6.149103
2,26,6.946302,6.187440
2,27,6.893646,6.240247
2,28,7.012249,6.090998
2,29,7.062241,6.348694
2,30,7.148814,6.137523
2,31,7.168942,6.245879
2,32,7.212004,6.396088
2,33,7.267745,6.063891
2,34,7.191719,6.469057
2,35,7.324387,6.118414
2,36,7.329044,6.274580
2,37,7.368431,6.292438
2,38,7.347429,6.280175
2,39,7.471673,6.358695
2,40,7.442203,6.243308
2,41,7.506628,6.146664
2,42,7.584318,6.188600
2,43,7.590665,5.957694
2,44,7.610778,6.441393
2,45,7.655912,6.197438
2,46,7.784462,6.404706
2,47,7.772464,6.292145
2,48,7.800377,6.070138
2,49,7.809247,6.118733
2,50,7.885224,6.088478
2,51,7.885679,6.333917
2,52,7.814514,6.135141
2,53,7.949602,5.866277
2,54,7.888694,6.109054
2,55,7.951923,5.866536
2,56,7.963236,5.845841
2,57,8.002536,6.133408
2,58,8.048704,5.857163
2,59,8.060347,5.836155
2,60,8.082214,5.877002
2,61,8.089139,5.877658
2,62,8.108167,5.802072
2,63,8.112745,5.587974
2,64,8.115687,5.729002
3,0,0.110349,1.960512
3,1,2.395174,2.913809
3,2,3.123437,3.182989
3,3,3.649362,3.903635
3,4,4.198825,4.426680
3,5,4.682943,4.915260
3,6,5.165885,5.401201
3,7,5.429818,5.476159
3,8,5.620453,5.731027
3,9,5.778000,5.770303
3,10,5.847746,5.619987
3,11,5.961279,5.764528
3,12,6.079016,5.819711
3,13,6.120083,5.787396
3,14,6.213129,6.025990
3,15,6.359352,5.902598
3,16,6.427513,5.962499
3,17,6.452906,6.067346
3,18,6.556346,5.968543
3,19,6.433743,6.038361
3,20,6.609555,6.149282
3,21,6.687888,5.932567
3,22,6.706837,6.286127
3,23,6.733715,6.332644
3,24,6.849555,6.243944
3,25,6.863003,6.416755
3,26,6.902682,6.077173
3,27,6.870089,6.402050
3,28,7.011909,6.318452
3,29,7.019432,6.197336
3,30,6.989278,6.372430
3,31,7.129801,6.345681
3,32,7.218751,6.386591
3,33,7.195195,6.195781
3,34,7.091165,6.480187
3,35,7.266933,6.540119
3,36,7.267908,6.421954
3,37,7.277013,6.345877
3,38,7.368582,6.437993
3,39,7.432379,6.526931
3,40,7.483292,6.437679
3,41,7.485933,6.384523
3,42,7.498028,6.370097
3,43,7.572335,6.486117
3,44,7.550812,6.594073
3,45,7.582262,6.148143
3,46,7.567684,6.435274
3,47,7.572529,6.307850
3,48,7.671130,6.580884
3,49,7.722975,6.414364
3,50,7.781066,6.355848
3,51,7.652589,6.250597
3,52,7.622896,6.323902
3,53,7.752190,6.461599
3,54,7.750582,6.627324
3,55,7.869618,6.709495
3,56,7.863899,6.444277
3,57,7.857411,6.360116
3,58,7.861589,6.488763
3,59,7.924187,6.338243
3,60,7.898457,6.378739
3,61,7.859813,6.337716
3,62,7.983259,6.154454
3,63,8.003792,6.409688
3,64,7.953891,6.559664
3,65,8.047743,6.400486
3,66,8.098687,6.545343
3,67,8.142219,6.293010
3,68,8.181599,6.503406
3,69,8.197655,6.328053
3,70,8.246084,6.431218
3,71,8.321156,6.509603
3,72,8.320294,6.227995
3,73,8.339921,6.270183
3,74,8.356273,6.124038
3,75,8.354762,6.035405
3,76,8.346411,6.198002
3,77,8.404062,6.389943
3,78,8.423698,6.471719
3,79,8.467374,6.408175
3,80,8.484700,6.349001
3,81,8.478619,6.352351
3,82,8.504724,6.229984
3,83,8.525827,6.140715
3,84,8.519036,6.300592
3,85,8.526522,6.327137
4,0,0.185463,1.881046
4,1,2.357391,2.868220
4,2,3.104020,3.160859
4,3,3.573448,3.862590
4,4,4.119480,4.400856
4,5,4.618060,4.887760
4,6,5.102458,5.307150
4,7,5.446944,5.550851
4,8,5.675216,5.602162
4,9,5.814359,5.681636
4,10,5.865572,5.650128
4,11,5.962223,5.781266
4,12,6.100457,5.863268
4,13,6.157047,5.908506
4,14,6.266426,5.881818
4,15,6.311450,6.013291
4,16,6.362432,5.894379
4,17,6.418804,6.021299
4,18,6.535988,6.075540
4,19,6.541345,6.138583
4,20,6.686385,6.164586
4,21,6.669652,6.224714
4,22,6.756550,5.981688
4,23,6.676377,6.164786
4,24,6.782313,6.185526
4,25,6.941867,6.393066
4,26,6.939917,6.378800
4,27,6.980811,6.137181
4,28,7.070793,6.289929
4,29,7.121872,6.153828
4,30,7.104707,6.367272
4,31,7.242368,6.061251
4,32,7.266810,6.447091
4,33,7.309880,6.236841
4,34,7.362641,6.455703
4,35,7.399269,6.292756
4,36,7.403424,6.157723
4,37,7.426711,6.482377
4,38,7.490995,6.322809
4,39,7.521149,5.814732
4,40,7.451331,6.418913
4,41,7.554827,6.062757
4,42,7.515886,6.378374
4,43,7.604501,6.459355
4,44,7.656436,6.073899
4,45,7.700028,6.295999
4,46,7.733496,6.239904
4,47,7.807130,6.327948
4,48,7.757762,6.095553
4,49,7.833061,6.355569
4,50,7.916457,6.102949
4,51,7.942794,6.267667
4,52,7.967373,6.109475
4,53,8.013221,6.054095
4,54,8.038218,6.260668
4,55,8.059955,6.259226
4,56,8.076690,6.186496
4,57,8.117252,6.014634
4,58,8.081154,5.962381
4,59,8.080804,6.227341
4,60,8.172318,6.088618
4,61,8.198887,6.191588
4,62,8.211118,6.025286
4,63,8.236332,6.181290
4,64,8.230258,5.918624
4,65,8.247449,5.906316
4,66,8.275780,5.970970
4,67,8.281860,5.916838
